<?xml version="1.0" encoding="UTF-8"?>
<project-private xmlns="http://www.netbeans.org/ns/project-private/1">
    <editor-bookmarks xmlns="http://www.netbeans.org/ns/editor-bookmarks/2" lastBookmarkId="0"/>
    <open-files xmlns="http://www.netbeans.org/ns/projectui-open-files/2">
        <group>
            <file>file:/E:/Projects%20for%20code-projects/netbeans/Ediary-master/src/e/bean/User.java</file>
            <file>file:/E:/Projects%20for%20code-projects/netbeans/Ediary-master/src/e/dao/DiaryDAO.java</file>
            <file>file:/E:/Projects%20for%20code-projects/netbeans/Ediary-master/src/e/dao/UserDAO.java</file>
            <file>file:/E:/Projects%20for%20code-projects/netbeans/Ediary-master/src/ECUtils/GUIValidator.java</file>
            <file>file:/E:/Projects%20for%20code-projects/netbeans/Ediary-master/src/ECUtils/ECValidattion.java</file>
            <file>file:/E:/Projects%20for%20code-projects/netbeans/Ediary-master/src/ECUtils/ECConst.java</file>
            <file>file:/E:/Projects%20for%20code-projects/netbeans/Ediary-master/src/e/bean/Diary.java</file>
            <file>file:/E:/Projects%20for%20code-projects/netbeans/Ediary-master/src/ECUtils/InstallDB.java</file>
            <file>file:/E:/Projects%20for%20code-projects/netbeans/Ediary-master/src/ECUtils/MyUtils.java</file>
            <file>file:/E:/Projects%20for%20code-projects/netbeans/Ediary-master/src/ECUtils/BaseDAO.java</file>
        </group>
    </open-files>
</project-private>
